id,sku,english,hebrew
1479028,1479028,Midnight Snack, Dark Chocolate-Coated Biscuit,חטיף חצות, ביסקוויט מצופה שוקולד מריר
1479032,NP23,Quarter to Seven White Chocolate,רבע עד שבעה שוקולד לבן
1479046,CAK_CK05,Osem Petit-Beurre Vanilla Biscuits 500G,OSEM Petit-Beurre ביסקוויטים 500 גרם
1479047,CAK_CK06,Osem Petit-Beurre Chocolate Biscuits 500G,OSEM Petit-Beurre Bightuits Biscuits 500G
1479109,SWEET25,Classic Quarter To Seven,רבע קלאסי עד שבע
1479116,CAK_CK36,Chocolate Chip Cookies Classic 200g (Osem) (12),עוגיות שוקולד צ'יפס קלאסיות 200 גרם (OSEM) (12)
1479192,CAK_CK64,Gluten-Free Petit Beurre Chocolate Biscuit,ביסקוויט שוקולד ללא גלוטן ללא גלוטן
1479856,1479856,Pereg - Mixed nuts and dried fruits ( Tu bishvat ),פרג ' - אגוזים מעורבים ופירות יבשים (TU Bishvat)
1479857,1479857,Pereg - Sunflower Seeds ( Tu Bishvat),פרג ' - זרעי חמניות (TU Bishvat)
1479884,1479884,Martin Sunflower Seed Roasted 100g,זרע חמניות מרטין קלוי 100 גרם
1479886,1479886,Martin Pumpkin Seeds 100g,זרעי דלעת מרטין 100 גרם
1479887,1479887,Caramelized Coated Hazelnut 250g,אגוז לוז מצופה מקורמל 250 גרם
1479891,1479891,Chocolate covered pecan truffles,כמהין פקאן מכוסה שוקולד
1479893,1479893,Almonds in cinnamon 250g,שקדים בקינמון 250 גרם
1479894,1479894,Watermelon Seeds Zarifa, 200g,זרעי אבטיח זריפה, 200 גרם
1479899,JCCDATES1,Rimon Premium Dates,תאריכי רימון פרימיום
1479901,1479901,Jumbo Dried Raisin,ג'מבו מיובש צימוק
1479904,1479904,Jumbo light raisins 250g,צימוקים קל ג'מבו 250 גרם
1479905,1479905,Dried Turkish Apricot 250g,משמש טורקי מיובש 250 גרם
1479925,1479925,24 Hour Nesma Candle in Tin,נר נסמה 24 שעות בפח
1479926,1479926,48 Hour Nesma Candle,נר נסמה 48 שעות
1479933,CANDL07,Tiu Tea Light Candles 50 Pc,TIU Tio Light נרות 50 PC
1479948,1479948,Havdalah Candle Candlestick Torch Model C,נרות Havdalah נרות לפיד דגם C
1479949,1479949,72 Hour Nesma Candle in Plastic,נר נסמה 72 שעות בפלסטיק
1479955,1479955,Special Matches,משחקים מיוחדים
1479960,MEZU01,Mezuzah Transparent,מזוזה שקופה
1479982,CLNACC01,Perfect Cleaning Sponge,ספוג ניקוי מושלם
1479999,ELECAPL02,Platter For Cooking,מגש לבישול
1480001,1480001,Foldable 4-Pot Platter,מגש 4 סיר מתקפל
1480043,DISPSB41,Tooth Pick,בחירת שיניים
1480118,LEGMS05,Flaxseeds 400G,זרעי פשתן 400 גרם
1480124,1480124,White Beans,שעועית לבנה
1480130,BRKFSCE21,Gmi Reeses Puffs Minis,GMI Reeses Puffs Minis
1480133,BRKFSCE03,Champions Yellow Cornflakes Telma 850g (8),אלופות קורנפלקס צהוב טלמה 850 גרם (8)
1480135,BRKFSCE05,General Mills French Toast Crunch Cereal Mid 314G,ג'נרל מילס טוסט טוסט צרפתי דגני בוקר אמצע 314 גרם
1480141,100000007082,Telma Delipecan Cereal,דגני בוקר של טלמה
1480148,BRKFSCE09,Telma Nougat Pillows 686g,כריות טלמה נוגט 686 גרם
1480150,BRKFSCE11,Telma Cocoman Brown White 375G,טלמה קוקומן לבן 375 גרם
1480151,BRKFSCE12,Telma Cocoman Balls 375 G,טלמה כדורי קוקומן 375 גרם
1480157,BRKFSCE32,General Mills Reeses Puffs Cereal 326G,General Mills Reeses Puffs דגני בוקר 326 גרם
1480181,1480181,Box of Vanilla Cream Filled Profiteroles,קופסת קרם וניל מלא פרופטרולים
1480196,1480196,Cantucci Cookies (Dairy),עוגיות קנטוצ'י (חלב)
1480198,1480198,Kinder Cookies,עוגיות טובות יותר
1480199,1480199,Blondies Cookies,עוגיות בלונדיניות
1480201,1480201,Nut Squares Cookies,עוגיות ריבועי אגוזים
1480203,1480203,Granola Cookies,עוגיות גרנולה
1480220,1480220,Vanilla Nougat Crunch,קראנץ 'וניל נוגט
1480222,1480222,White Chocolate,שׁוֹקוֹלָד לָבָן
1480223,1480223,Pistachio,פיסטוק
1480224,1480224,Chocolate Nougat,שוקולד נוגט
1480226,1480226,White Chocolate Pistachio,פיסטוק שוקולד לבן
1480228,1480228,Kokilda chocolate ice cream,גלידת שוקולד קוקילדה
1480229,1480229,La Frutta Apple,לה פרוטה אפל
1480230,1480230,La Frutta Mango,לה פרוטה מנגו
1480232,1480232,Crunchy timeout ice cream,גלידת פסק זמן פריכה
1480233,1480233,Tortit Chocolate Ice Cream with Dark Chocolate Coating,גלידת שוקולד טוגיט עם ציפוי שוקולד מריר
1480234,1480234,Coated Shoko Shoko,שוקו שוקו מצופה
1480235,1480235,Vanilla and Chocolate,וניל ושוקולד
1480236,1480236,Belgian Chocolate,שוקולד בלגי
1480237,1480237,Italian Vanilla,וניל איטלקי
1480238,1480238,La Cremaria Banana and Raspberry Flavors, 1.4 liters,La Cremeria בננה וטעמי פטל, 1.4 ליטר
1480244,1480244,Chocolate Nougat Crunch,קראנץ 'נוגט שוקולד
1480246,1480246,Coated Shoko Bane,שוקו ביין מצופה
1480253,1480253,Pineapple Ice,קרח אננס
1480254,1480254,La Cremaria Strawberry and Lemon Flavors, 1.4 liters,La Cremeria תות וטעמי לימון, 1.4 ליטר
1480256,1480256,Crunch caramel,קראנץ 'קרמל
1480257,PRECKDFD02,Plant-Based Sausages, Badatz Zoglovek,נקניקיות מבוססות צמחים, Badatz Zoglovek
1480261,PRECKDFD06,Filo Dough,בצק פילו
1480262,CHESBTR13,Cheese Borax Filo Sticks,מקלות פילו בורקס גבינה
1480263,PRECKDFD09,Yemenite Mlawah,תימניט מלווה
1480264,PRECKDFD10,Original Yemenite Jahanun,תימן מקורי ג'האנון
1480266,1480266,Sweet Potato Ravioli (Parve)*,רביולי בטטה (פרווה)*
1480270,PRECKDFD14,Mama Mia Pizza with Olives,אימא מיה פיצה עם זיתים
1480271,PRECKDFD15,Mama Mia Pizza Margherita,אמא מיה פיצה מרגריטה
1480272,PRECKDFD25,Chinese Eggroll,Eggroll סיני
1480273,PRECKDFD28,Onion Rings,טבעות בצל
1480275,1480275,Potato Filled Dumplings Varniki,כופתאות מלאות תפוחי אדמה ורניקי
1480276,1480276,Filled Dough Shells,מילוי פגזי בצק
1480279,1480279,Pretzel Pretzels, 280 g,בייגלה בייגלה, 280 גרם
1480280,1480280,Mini Belgian Waffles Barenz,מיני וופלים בלגי ברנץ
1480281,1480281,Cheese Blintzes, 350 g,בלינץ גבינה, 350 גרם
1480296,PRECKDFD20,Peas and Carrots Mix,אפונה וגזר מתערבבים
1480297,PRECKDFD21,Cooked White Beans,שעועית לבנה מבושלת
1480300,PRECKDFD24,Mixed Vegetables,ירקות מעורבים
1480302,PRECKDFD17,Garden Peas,אפונה בגינה
1480303,PRECKDFD18,Whole Green Beans,שעועית ירוקה שלמה
1480304,PRECKDFD19,Baby Carrots,גזר תינוקות
1480306,HOTDRNK12,Wissotzky Classic Black Tea, 100Pc,תה שחור קלאסי ויסוצקי, 100 pc
1480307,NP26,Kedem Grape Juice Bottle,בקבוק מיץ ענבים של קדם
1480308,GRPJU01,Kedem Grape Juice 946 Ml,קדם מיץ ענבים 946 מל
1480309,GRPJU03,Kedem Grape Juice,מיץ ענבים של קדם
1480317,HOTDRNK17,Wissotzki Mint Green Tea. 25Pcs,ויסוצקי נענע תה ירוק. 25 יחידות
1480318,HOTDRNK04,Nescafe Instant Coffee 200g (Elite) (12),NESCAFE קפה נמס 200 גרם (עלית) (12)
1480320,HOTDRNK05,Elite Vanilla Instant Coffee 200G,קפה נמס עלית וניל 200 גרם
1480321,HOTDRNK07,Elite Instant Coffee 50G,קפה נמס עלית 50 גרם
1480324,HOTDRNK14,Wissotzky Lemongrass & Verbena Green Tea, 25Pc,ויסוטזקי לימונגראס ותה ירוק ורבנה, 25 יח '
1480326,HOTDRNK19,Nescafe Gold Instant Coffee Taster's Choice Red 200g (12),Nescafe Gold Coffee Tast's Choice Add 200 גרם (12)
1480327,HOTDRNK01,Chocolate Drink Box 500g,קופסת שתיית שוקולד 500 גרם
1480328,HOTDRNK06,Elite Mocha Instant Coffee 200G,עלית מוקה קפה מיידי 200 גרם
1480330,1480330,Fuze Tea Bottle, 1.5 liters,בקבוק תה דלק. 1.5 ליטר
1480331,SFTDRNK03,Coca Cola Light 0,33L,קוקה קולה דיאט 0.33L
1480342,SFTDRNK37,Coca-Cola Original 2.5L,קוקה קולה מקורי 2.5L
1480344,SFTDRNK01,Sprite (Canned) 0,33L,ספרייט (משומר) 0.33L
1480345,SFTDRNK02,Coca Cola Original (Canned) 0,33L,קוקה קולה מקורית (משומר) 0.33L
1480347,SFTDRNK12,Coca-Cola Zero (Case) 0,33L,קוקה קולה אפס (מקרה) 0.33L
1480358,SFTDRNK22,Coca-Cola Original 150Ml,קוקה קולה מקורי 150 מל
1480362,SFTDRNK27,Coca Cola Zero,1 Lt,קוקה קולה אפס, 1 lt
1480367,SFTDRNK28,Coca-Cola Zero 150 ML,קוקה קולה אפס 150 מל
1480373,SFTDRNK48,Prigat Grape Juice 1 Ltr,מיץ ענבים פריגאט 1 ליטר
1480375,SFTDRNK50,Origins+ Mild Apple 1Ltr,Origins+ Apple 1ltr עדין
1480376,SFTDRNK51,Origins+ Grape  1 Ltr,מקורות+ ענבים 1 ltr
1480379,SFTDRNK54,Origins+ Grape 500Ml,מקורות+ ענבים 500 מל
1480380,SFTDRNK55,Prigat Grape Juice 500 ML,מיץ ענבים פריגאט 500 מל
1480381,SFTDRNK56,Prigat Orange Flavour 500ML,טעם כתום של פריגאט 500 מל
1480391,SFTDRNK59,Prigat Mango 1 Ltr,Prigat Mango 1 ltr
1480392,SFTDRNK60,Neviot flavoured water,מים בטעם נביוט
1480393,SFTDRNK61,Neviot flavoured water 500 ml,מים בטעם נביוט 500 מל
1480394,SFTDRNK62,Prigat Green Apple water  500 ml,פריגאט מים תפוחים ירוקים 500 מל
1480400,SFTDRNK68,Voss Still Nat Water 375 ml,Voss Still Nat Water 375 מל
1480408,1480408,Tempo Soda Glass Bottle 275ml,בקבוק זכוכית סודה טמפו 275 מל
1480410,SFTDRNK77,Blu Energy Drink 250 ml,משקה אנרגיה Blu 250 מל
1480413,1480413,Arizona tea mucha mango,תה אריזונה מנגו מנגו
1480414,1480414,Arizona tea sweet tea,תה אריזונה תה מתוק
1480421,100000008850,Cooking cream 15%, 250 ml,קרם בישול 15%, 250 מל
1480422,1480422,Cream sauce with mushrooms 9%, 250 ml,רוטב שמנת עם פטריות 9%, 250 מל
1480423,1480423,Whipping cream 38%, 250 ml,שמנת מקצפת 38%, 250 מל
1480425,1480425,The White Chef Coconut Liquid 18%,נוזל הקוקוס של השף הלבן 18%
1480428,1480428,Butter,חֶמאָה
1480480,1480480,Authentic Labneh Cheese (Yogurt-Based), 5%, 500g,גבינת לבנה אותנטית (מבוססת יוגורט), 5%, 500 גרם
1480482,1480482,Napoleon Cream Cheese with Green Olives, 24%, 225g,גבינת שמנת נפוליאון עם זיתים ירוקים, 24%, 225 גרם
1480526,1480526,Liver Spread,התפשטות כבד
1480529,CLDCT57,La Del Roast Beef,לה דל צלי בקר
1480536,CLDCT64,La Del Smoked Entrecôte,לה דל מעשן אנטרקוט
1480540,CLDCT68,La Del Goose Breast,חזה לה אווז
1480555,FRZNCHK13,Premium Whole Chicken Pack,חבילת עוף שלמה של פרימיום
1480556,FRZNCHK14,Premium Chicken Wings Pack,חבילת כנפי עוף פרימיום
1480582,1480582,Premium Boneless Chicken Leg Pack,חבילת רגל עוף נטולת עצמות מובחרת
1480583,1480583,Premium Chicken Leg Quarter Pack,חבילת רבע רגל עוף פרימיום
1480716,1480716,Beef Kolichal Pack- UK,חבילת קוליכל בקר- בריטניה
1480727,FISH004,Kani Sticks,מקלות קאני
1480748,4583,Surimi Sticks (Delicatesse ),מקלות סורימי (מעדנייה)
1480752,CNNFDS05,Osem Barbecue Sauce 335G,רוטב ברביקיו OSEM 335 גרם
1480754,CNNFDS12,Ortega Taco Sauce Medium 226G,רוטב אורטגה טאקו מדיום 226 גרם
1480755,CNNFDS13,Ortega Taco Sauce Mild 226G,אורטגה טאקו רוטב עדין 226 גרם
1480756,BORN18,Bornibus Mild Garlic with Chilli,בורניבוס שום עדין עם צ'ילי
1480757,1480757,Halva Spread, 350g, Blega ),התפשטות חלבה, 350 גרם, בלגה)
1480759,BORN15,Bornibus Pistachio Pesto,בורניבוס פיסטוק פסטו
1480761,1480761,Peanut Butter,חמאת בוטנים
1480762,1480762,Peanut Butter with Pieces,חמאת בוטנים עם חתיכות
1480770,CNNFDS40,Jg Hot Chilli Sauce,JG רוטב צ'ילי חם
1480771,HNYJAM09,Hazelnut Spread 350G,אגוז לוז ממרח 350 גרם
1480772,CNNFDS46,Jg Thousand Islands Dressing,Jg אלף איים רוטב
1480773,CNNFDS27,Har Bracha Tahini 500g (24),הר ברכה טחיני 500 גרם (24)
1480784,CNNFDS50,Hashahar Chocolate Spread Parve, 400G,שחרור ממרח שוקולד Hashahar, 400 גרם
1480786,CNNFDS108,Hellmann's Real Mayonnaise Jar 394g 1 unit (12),צנצנת המיונז האמיתית של הלמן 394G יחידה 1 (12)
1480788,BASI02,Balsamic Vinegar,חומץ בלסמי
1480791,BORN06,Bornibus Fig Confit,Bornibus Fig Confit
1480792,BORN08,Bornibus Pearly Onions,בורניבוס בצל פניני
1480793,HNYJAM17,Fur Nougat Puree,מחית נוגט פרווה
1480797,CNNFDS136,Tahini 500g 1 unit (Achva) (12),יחידה טחיני 500 גרם 1 (Achva) (12)
1480798,CNNFDS146,Grainy French Dijon Mustard 350g,חרדל דיז'ון צרפתי גרגרני 350 גרם
1480799,CNNFDS202,Tomato Concentrate In A Can,תרכיז עגבניות בפחית
1480800,PSOVR31,Telma Mayonnaise 500g 1 unit (12),Mayonnaise Telma 500G 1 יחידה (12)
1480802,CNNFDS210,Ag Classic Steak Sauce,רוטב סטייק קלאסי AG
1480806,1480806,Chocolate spread,ממרח שוקולד
1480807,1480807,Peanut Butter with Pieces,חמאת בוטנים עם חתיכות
1480808,1480808,Peanut Butter,חמאת בוטנים
1480810,1480810,Green Curry Paste, 400g,משחת קארי ירוקה, 400 גרם
1480811,1480811,Dijon Mustard with Seeds, 360g,חרדל דיז'ון עם זרעים, 360 גרם
1480812,1480812,Reduced Cream with Balsamic Vinegar from Modena,קרם מופחת עם חומץ בלסמי ממודנה
1480813,1480813,Schneider’s Arugula and Basil Pesto Spread,ארוגולה של שניידר ופסטו בזיליקום
1480814,CNNFDS243,Maille Mayonnaise,מיונז מייל
1480815,CNNFDS236,Sweet Chili Sauce,רוטב צ'ילי מתוק
1480816,CNNFDS237,Spicy Tomato Sauce,רוטב עגבניות חריף
1480817,CNNFDS240,Spicy Shakshuka Sauce,רוטב שקשוקה פיקנטי
1480818,1480818,Osem Chilli Ketchup,קטשופ אוסם צ'ילי
1480819,1480819,kikkoman teriyaki sauce,רוטב Kikkoman Teriyaki
1480820,1480820,Yellow curry sauce,רוטב קארי צהוב
1480821,1480821,Red Curry Sauce 250 ml,רוטב קארי אדום 250 מל
1480827,1480827,Light Tomato Paste, 700g, Mutti (1/12 pack),ממרח עגבניות קל, 700 גרם, מוטי (חבילה 1/12)
1480832,1480832,Concentrated Tomato Sauce, 580g,רוטב עגבניות מרוכז, 580 גרם
1480833,NP02,Olive Cocktail Rings,טבעות קוקטייל זית
1480835,NP04,Green Olive Rings,טבעות זית ירוקות
1480836,NP05,Medium Whole Green Olives with Pits,זיתים ירוקים בינוניים שלמים עם בורות
1480837,NP06,Large Whole Green Olives with Pits,זיתים ירוקים שלמים עם בורות
1480838,NP07,Small Sauerkraut,כרוב כבוש קטן
1480839,NP08,Pickled Hot Shifka Pepper,פלפל שיפקה חם כבוש
1480840,NP09,Baby Corn,תירס לתינוק
1480841,NP21,Sardines in Tomato Sauce,סרדינים ברוטב עגבניות
1480843,NP29,Moroccan Sardines in Olive Oil,סרדינים מרוקאים בשמן זית
1480845,NP31,Smoked Sprats in Tomato Sauce,ספראטים מעושנים ברוטב עגבניות
1480847,NP33,Smoked Sprats in Canola Oil,ספרים מעושנים בשמן קנולה
1480848,NP34,Smoked Herring Fillet in Canola Oil,פילה הרינג מעושן בשמן קנולה
1480850,100000000144,Green Olives Rings 560g, 1 unit (Beit Hashita) (12),טבעות זיתים ירוקות 560 גרם, יחידה אחת (בית האשיטה) (12)
1480851,CNNFDS03,Beit Hashita Cucumbers In Salt 560G,מלפפונים של בית חשיטה במלח 560 גרם
1480852,CNNFDS04,Starkist Tuna in Oil 160g 1/4 (12),טונה סטקיסטית בשמן 160 גרם 1/4 (12)
1480857,CNNFDS71,Orteg Taco Sauce Thick&Smooth,רוטב טאקו של אורטגה סמיך חלק
1480860,1480860,Anchovy Fillet in Olive Oil Can, ORTIZ, 47.5g,פילה אנשובי בשמן זית יכול, אורטיז, 47.5 גרם
1480861,1480861,Beit Hashita Mixed Vegetables,BAT Hashita ירקות מעורבים
1480862,1480862,Beit Hashita Pickled Eggplants,בית חזיטה חמוצים
1480863,1480863,Berry Jam,ברי ג'אם
1480864,1480864,Cherry Jam,ריבת שרי
1480877,CNNFDS41,Jg Classic Soy Sauce,JG רוטב סויה קלאסי
1480880,CNNFDS44,Jg Garlic Honey Sauce,רוטב דבש שום של JG
1480913,CNNFDS153,Great Northern Beans,שעועית צפונית נהדרת
1480952,CNNFDS23,Beit Hashita Pickled Cucumbers In Brine Small,בית מלפפונים כבושים במלח במלח קטן
1480958,CNNFDS29,Tuna Spread,ממרח טונה
1480961,CNNFDS54,Yavne Green Olive Rings, 560G,טבעות זית ירוקות של Yavne, 560 גרם
1480965,CNNFDS53,Yavne Black Olive Rings, 560G,טבעות זית שחורות של Yavne, 560 גרם
1480968,CNNFDS22,Beit Hashita Pickled Cucumbers In Brine Medium,בית מלפפונים כבושים במדיום מלח
1480973,CNNFDS195,White Tuna In Olive Oil, 220 Grams,טונה לבנה בשמן זית, 220 גרם
1480987,CNNFDS65,Gourmet 212 Baby Jalapeno Slices 470Gm,גורמה 212 פרוסות ג'לפנו לתינוק 470 גרם
1480989,CNNFDS73,Everyday Sweet Relish,מתעסק מתוק יומיומי
1481009,CNNFDS127,Gefilte Fish Jar 700g (Yehiam) (12),Gefilte Fish Jar 700G (Yehiam) (12)
1481016,CNNFDS140,Larsen Herring Fillets In Mango Pepper Cream,לארסן הרינג פילה בקרם פלפל מנגו
1481019,CNNFDS143,Gluten-Free Soy Sauce,רוטב סויה ללא גלוטן
1481021,CNNFDS145,Dijon Mustard, Reine Dijon,דיז'ון חרדל, ריין דיז'ון
1481029,CNNFDS191,Pieces Of Yellowfin Tuna In Olive Oil, 112 Grams,חתיכות טונה צהובה בשמן זית, 112 גרם
1481032,CNNFDS193,Clone Fish Eggs, 200 Grams,ביצי דגים משובטות, 200 גרם
1481033,CNNFDS196,Mackerel Fillet In Soy Oil, 125 Grams,מקרל פילה בשמן סויה, 125 גרם
1481034,CNNFDS197,Squeeze Bottle Tahini 350g (Achva) (16),סחוט בקבוק טחיני 350 גרם (Achva) (16)
1481038,CNNFDS203,Spicy Sardines In Veg Oil,סרדינים חריפים בשמן טבעוני
1481040,CNNFDS02,Sera Roasted Eggplant,חציל קלוי של סרה
1481041,CNNFDS205,Fillet Of Mackeral In Soy Oil,פילה של מקרל בשמן סויה
1481049,CNNFDS214,Light Tuna salad,סלט טונה קל
1481050,CNNFDS215,Garden peas and carrots,אפונה וגזר גן
1481052,CNNFDS228,Starkist Tuna in Water 160g 1/4 (12),טונה סטקיסטית במים 160 גרם 1/4 (12)
1481054,CNNFDS218,Sardines in soy oil,סרדינים בשמן סויה
1481055,CNNFDS219,Champignon mushroom pieces, 230 g,חתיכות פטריות של שמפיניון, 230 גרם
1481061,CNNFDS224,Whole green olives, 340 grams,זיתים ירוקים שלמים, 340 גרם
1481065,1481065,Sliced Palm Hearts,לבבות דקלים חתוכים
1481066,1481066,Stuffed Grape Leaves with Rice,עלי ענבים ממולאים עם אורז
1481068,1481068,Garden Peas and Carrots,אפונה וגזר גן
1481071,1481071,Baked Beans Small Can, 570g,שעועית אפויה פחית קטנה, 570 גרם
1481072,1481072,Basil Pesto Dip,טבילה פסטו בזיל
1481073,1481073,Whole Palm Hearts in Salt Water,לבבות דקלים שלמים במי מלח
1481075,1481075,Large Garden Peas,אפונה גדולה בגינה
1481076,CNNFDS242,MAILLE Dijon Mustard,מייל דיז'ון חרדל
1481077,CNNFDS238,Pizza Tomato Sauce,רוטב עגבניות פיצה
1481078,CNNFDS235,Teriyaki Sauce,רוטב טריאקי
1481081,1481081,Klika Fish in Tomato Sauce,דגי קליקה ברוטב עגבניות
1481093,1481093,Uncle Vanya Lecho Transcarpathian 680g,הדוד Vanya Lecho TranscarPathian 680G
1481094,1481094,Uncle Vanya Bulgur Samarkand style460g,הדוד Vanya Bulgur Samarkand Style 460G
1481098,1481098,Uncle Vanya Assorted pickled vegetables,דוד וניה מגוון ירקות כבושים
1481102,1481102,Uncle Vanya Eggplant caviar Balkan style460g,קוויאר חציל דוד וניה סגנון בלקן 460 גרם
1481103,1481103,Green Olive,זית ירוק
1481107,1481107,Pickels In Vinegar (Size 7-9 Big),חמוצים בחומץ (גודל 7-9 גדולים)
1481108,1481108,kornichone pickels ( beit Hashita ),חמוצים קורניצ'ון (בית האשיטה)
1481110,1481110,Cod Fish Liver in Oil,כבד דגי בקלה בשמן
1481114,1481114,Coarse Red Salt, 630g,מלח אדום גס, 630 גרם
1481132,1481132,Round Floating Wick, Ready to Use,פתיל צף עגול, מוכן לשימוש
1481152,COOK002,Seasoned Croutons Osem 250g,קרוטונים מנוסים OSEM 250 גרם
1481157,COOK11,Cup-A-Soup Chicken Flavor with Croutons, Pack of 2 * 24g,טעם עוף כוס-א-סופ עם קרוטונים, חבילה של 2 * 24 גרם
1481158,COOK47,Osem Thin Noodles,אטריות דקיקות של אוסם
1481159,COOK18,Knorr Instant Matzo Ball 130 G,כדור מצו מיידי של קנור 130 גרם
1481160,COOK004,Osem Chicken Soup Powder 400G,אבקת מרק עוף אוסם 400 גרם
1481165,COOK74,Barn Pipe Pasta,פסטה של ​​צינור אסם
1481166,COOK16,Osem Star Shaped Baked Couscous 500G,כוכב OSEM בצורת קוסקוס אפוי 500 גרם
1481167,COOK22,Hot Meal Pasta in Tomato Sauce 1/12 (Osem),פסטה ארוחה חמה ברוטב עגבניות 1/12 (OSEM)
1481168,COOK76,Osem Spaghetti,אוסם ספגטי
1481169,COOK12,Cup-A-Soup Vegetable Flavor, Pack of 2 * 22g,טעם ירקות של כוס-א-סופ, חבילה של 2 * 22 גרם
1481170,COOK77,Basmati Rice 1 Kg,אורז בסמטי 1 קג
1481171,COOK24,Sugat White Quinoa, 500G,קינואה לבנה של סוגט, 500 גרם
1481173,COOK26,Sugat Wheat, 500G,חיטה סוגט, 500 גרם
1481178,COOK68,A Hot Dish Of Couscous,מנה חמה של קוסקוס
1481185,COOK86,Kaizen Rice 226 Gm,קייזן רייס 226 גרם
1481186,COOK87,Pnina Grix 500 Grams,Pnina grix 500 גרם
1481188,COOK88,Barn Horn Pasta,פסטה של ​​Barn Horn
1481193,1481193,Panko seasoned Bread Crumbs,פירורי לחם מנוסים של פנקו
1481203,BASI40,Everyday Sweet Relish,מתעסק מתוק יומיומי
1481221,COOK81,Extra Virgin Olive Oil, 280 Ml,שמן זית כתית מעולה, 280 מל
1481223,COOK07,Osem Couscous Medium 350G,אוסם קוסקוס בינוני 350 גרם
1481224,COOK001,Osem Golden Breadcrumbs 200G,אוסם פירורי לחם זהב 200 גרם
1481227,COOK59,Sesame 100g (Sugat) (12),סומסום 100 גרם (סוגט) (12)
1481239,COOK113,A hot dish mashed potato with barn vegetables, 55 grams,פירה של מנה חמה עם ירקות אסם, 55 גרם
1481241,COOK114,Regular Couscous,קוסקוס רגיל
1481242,COOK115,Thin Couscous,קוסקוס דק
1481245,1481245,Bread Crumbs with Bissli Grill Flavor,פירורי לחם עם טעם גריל ביסלי
1481247,1481247,Coarse salt,מלח גס
1481249,1481249,Baked Beans Small Can, 570g,שעועית אפויה פחית קטנה, 570 גרם
1481250,1481250,Baking Sugar,אפיית סוכר
1481254,BAKI02,Osem Strawberry Flavoured Jelly 90G,ג'לי בטעם תות של OSEM 90 גרם
1481264,BAKI009,Pancake Syrup,סירופ פנקייק
1481265,BAKI16,Ice Cream Cones,גלידת גלידה
1481266,COOK73,Semolina,סוֹלֶת
1481276,BAKI72,Lucky Leaf Premium Strawberry Fruit Filling And Topping 21 Oz Can,מילוי פרי תות של עלים ברי מזל ומילוי 21 גרם יכול
1481277,BAKI73,Lucky Leaf Premium Apple Fruit Filling And Topping 21 Oz Can,עלה מזל פרימיום פרימיום תפוח מילוי ופחית של 21 גרם
1481286,BAKI12,Chocolate Pudding,פודינג שוקולד
1481287,BAKI005,Oppenheimer White Choco-Chips 250G,אופנהיימר צ'וקו-צ'יפס לבן 250 גרם
1481288,BAKI13,Knorr Sachlev, 112G,קנור סצ'לב, 112 גרם
1481290,BAKI006,Waffle Rolls For Filling,גלילי וופל למילוי
1481291,PSOVR04,Chocolate Chips Drops 260g,צ'יפס שוקולד יורד 260 גרם
1481292,100000007679,Oppenheimer Bittersweet Baking Bar,אופנהיימר מרה
1481293,BAKI41,Badia Gluten Free Choco Sprinkles 85.1Gm,שוקו ללא גלוטן של Badia מפזר 85.1 גרם
1481299,BAKI37,Ag Strawberry Syrup,סירופ תות AG
1481301,BAKI15,Foster Clarks Baking Powder,פוסטר קלארקס אבקת אפייה
1481303,BAKI45,Pancake Syrup,סירופ פנקייק
1481305,BAKI47,Sugar Powder,אבקת סוכר
1481309,BAKI55,millefeuille puff pastry,מאפה של Millefeuille
1481311,BAKI57,Vanilla Flavor Essence 50ml (Maymon's)(24),מהות טעם וניל 50 מל (Maymon's) (24)
1481312,BAKI58,Rum Extract,תמצית רום
1481317,BAKI63,White Spelled Flour Without Sifting,קמח איות לבן ללא ריפוי
1481320,BAKI53,White Flour And Grain,קמח לבן ודגן
1481323,BAKI81,Dry Yeast,שמרים יבשים
1481326,BAKI34,Brm Homemade Wonderful Bread Mix C,BRM תערובת לחם נפלאה
1481327,BAKI27,Brm Millet Flour 20 Oz,קמח דוחן BRM 20 גרם
1481335,BAKI83,Baking Powder 10g 1/10 (Maymon's)(50),אבקת אפייה 10 גרם 1/10 (Maymon's) (50)
1481339,BAKI88,Cornflour 200g (Maimon's) (24),קורנפלור 200 גרם (מימון) (24)
1481340,PSOVR17,White Sugar in Jar Sugat 1 kg,סוכר לבן בצנצנת סוגט 1 קג
1481344,1481344,gelatin maymon,ג'לטין מיימון
1481345,1481345,Baking Soda, 100g,סודה לשתייה, 100 גרם
1481347,1481347,Instant Pancake Mix,תערובת פנקייק מיידית
1481357,1481357,Schneider's Sandwich Chocolate Rolls,גלילי שוקולד הכריך של שניידר
1481388,CAK_CK17,Pinukiot Filled with Tortit Cream (14),פינוקוט מלא בקרם טוגטיט (14)
1481389,CAK_CK18,Pinukiot Filled with Nescafe Cream (14),פינוקוט מלא בקרם נסקפה (14)
1481396,CAK_CK35,Chocolate Cream,קרם שוקולד
1481431,BABY02,Materna Baby Formula Powder Stage 1,אבקת פורמולה לתינוק של מטרנה שלב 1
1481432,BABY03,Materna Baby Formula Powder Stage 2,אבקת פורמולה לתינוק של מטרנה שלב 2
1481436,BABY07,Gerber Grain&Grow Multigrain,גרבר גרגר וגדל מולטי -גרין
1481440,BABY009,Gerber Probiotic Oatmeal Peach Apple Cereal,גרבר פרוביוטי שיבולת שועל אפרסק דגני בוקר
1481448,BABY05,Gerber Puffs Bluberry Winter 42 G,גרבר פחזניות בלובר חורף 42 גרם
1481451,BABY21,Gerber Biscuits Arrowroot Pouch 155G,גרבר ביסקוויטים חץ חץ 155 גרם
1481452,BABY23,Gerber Lil Crunchies Crawler Mild Cheddar 42G,גרבר ליל קראנצ'י סורק צ'דר קל 42 גרם
1481454,BABY25,Gerber Probiotic Oatmeal Peach Apple Cereal,גרבר פרוביוטי שיבולת שועל אפרסק דגני בוקר
1481455,BABY26,Gerber Puffs Sweet Potato,גרבר נפיחות בטטה
1481456,BABY22,Gerber Grain&Grow Multigrain,גרבר גרגר וגדל מולטי -גרין
1481458,BABY28,Gerber Grain & Grow Oatmeal,גרבר גרגר וגידול שיבולת שועל
1481459,BABY31,Gerber Puffs Vanilla,גרבר פוחס וניל
1481462,1481462,Gerber puffs apple cinnoman,גרבר נפיחות קינמון תפוח
1481463,1481463,Gerber Lil crunchies crawler apple sweet potato,גרבר ליל קראנצ'י קרולר תפוח בטטה
1481464,1481464,Gerber probiotic oatemeal & banana baby cereal,גרבר פרוביוטיקה שיבולת שועל ובננה דגני בוקר
1481468,1481468,Materna Mixed Grain Porridge 200g,דייסת תבואה מעורבת של מטרנה 200 גרם
1481482,SHWR_BTH11,Keff Shampoo Apple&Chia Seeds for
Regular Hair,זרעי צ'יה תפוח קף שמפו עבור
שיער רגיל
1481483,SHWR_BTH12,Keff Conditioner Apple&Chia Seeds for
Regular Hair,מרכך קף זרעי אפל וצ'יה עבור
שיער רגיל
1481484,SHWR_BTH14,Keff Shampoo Coconut Oil & Keratin for Hair Restoration and Nourishment,שמפו קף שמן קוקוס וקרטין לשיקום שיער והזנה
1481485,SHWR_BTH15,Keff Conditioner Oil Coconut & Keratin
for Hair Restoration and Nourishment,קוקוס שמן קפה קוקוס וקרטין
לשיקום שיער והזנה
1481486,SHWR_BTH13,Keff Shampoo Pomegranate & Aragn Oil for Dry Hair,שמפו קף רימון ושמן ארגן לשיער יבש
1481488,1481488,Natural Lemon Juice,מיץ לימון טבעי
1481489,1481489,Apricot Jam,ריבת משמש
1481491,1481491,Osem Sweet Chili Sauce,רוטב צ'ילי מתוק של אוסם
1481492,1481492,Telma Passover Mayonnaise,טלמה פסח מיונז
1481493,1481493,Modena Balsamic Vinegar 250ml,חומץ בלסמי מודנה 250 מל
1481494,1481494,Italian Tomato Puree 500g,מחית עגבניות איטלקית 500 גרם
1481495,1481495,Crushed Italian Tomatoes 390g,עגבניות איטלקיות מרוסקות 390 גרם
1481496,1481496,Wildflower Honey (Squeeze Bottle) 400g,דבש פרחי בר (בקבוק סחיטה) 400 גרם
1481498,CNNFDS32,Osem Ketchup,OSEM קטשופ
1481499,HNYJAM04,Pure Honey 350g,דבש טהור 350 גרם
1481501,CNNFDS231,Charoset 250g (Lin Farm) (20),Charoset 250G (חוות לין) (20)
1481502,PSOVR29,HaShachar Dairy Chocolate Spread 500g,ממרח שוקולד חלב האשכר 500 גרם
1481503,1481503,Osem Reduced Sugar Ketchup,OSEM מופחת קטשופ סוכר
1481504,1481504,Osem Soy-Style Sauce,רוטב בסגנון סויה של אוסם
1481505,HNYJAM31,Natural Silan Date Syrup (Squeeze) 380g,סירופ תאריך סילאן טבעי (סחיטה) 380 גרם
1481506,1481506,Dairy-Free Chocolate Spread,ממרח שוקולד ללא חלב
1481507,CNNFDS229,Assis Preserved Lemon Juice,אסיס מיץ לימון שמורים
1481508,CNNFDS239,Classic Pomodoro Pasta Sauce 350g,רוטב פסטה פומודורו קלאסי 350 גרם
1481509,CNNFDS241,Tomato & Pepper Sauce for Shakshuka 350g,רוטב עגבנייה ופלפל לשקשוקה 350 גרם
1481510,1481510,Natural Pecans,פקאן טבעי
1481512,1481512,Sliced Blanched Almonds,שקדים פרוסים
1481513,1481513,Cone Can – Dried Plums 400g,CONE CAN - שזיפים מיובשים 400 גרם
1481514,1481514,Cone Can – Medjool Dates 500g,CONE CAN - MEDJOOL תאריכים 500 גרם
1481517,1481517,Cone Can – Natural Almonds 400g,CONE CAN - שקדים טבעיים 400 גרם
1481518,1481518,Cone Can – Walnuts 300g,CONE CAN - אגוזי מלך 300 גרם
1481520,1481520,Platinum Instant Coffee 200g,קפה נמס פלטינה 200 גרם
1481521,NP36,Grape Vitmanichik Drink,משקה ויטמניצ'יק ענבים
1481522,100000001103,Elite Turkish Coffee,קפה טורקי מובחר
1481523,1481523,Classic Sucrazit Sweetener Sticks 120g,מקלות ממתיק סוכרזיט קלאסיים 120 גרם
1481524,1481524,Shokolit Chocolate Drink Mix,תערובת משקה שוקולד שוקוליט
1481525,HOTDRNK24,Raspberry Vitmanichik Drink,משקה פטל ויטמניצ'יק
1481526,1481526,Elite Brazilian Coffee 200g,קפה ברזילאי מובחר 200 גרם
1481527,1481527,Elite Instant Coffee 50.4g,קפה נמס עלית 50.4 גרם
1481528,HOTDRNK09,Elite Turkish Coffee 85g,קפה טורקי עלית 85 גרם
1481529,100000012864,Calorie-Free Sweetener Tablets,טבליות ממתיק ללא קלוריות
1481530,HOTDRNK20,Elite Turkish Coffee with Cardamom 100g,קפה טורקי עלית עם הל 100 גרם
1481537,1481537,Cooked Chickpeas 230g,חומוס מבושל 230 גרם
1481538,1481538,Brown Beans 230g,שעועית חומה 230 גרם
1481576,PSOVR13,Telma Nougat-Filled Cereal Pillows 500g,כריות דגנים מלאות טלמה נוגט 500 גרם
1481577,PSOVR16,Cornflakes KFP Telma 400g (10),Cornflakes KFP Telma 400G (10)
1481578,100000000533,Osem Mushroom Sauce Powder,אבקת רוטב פטריות
1481579,1481579,Yad Mordechai Classic Olive Oil 500ml,יד מרדכי שמן זית קלאסי 500 מל
1481585,1481585,Osem Potato Latkes Mix,תערובת תפוחי אדמה של אוסם
1481586,1481586,Instant Mashed Potatoes with Vegetables,פירה מיידי עם ירקות
1481587,PSOVR18,Osem Soup Croutons,קרוטונים של מרק אוסם
1481588,1481588,Osem Wide Rice Noodles,אטריות אורז רחבות אוסם
1481589,1481589,Osem Thin Rice Noodles,אטריות אורז דקיקות אוסם
1481591,1481591,Osem Bun Mix Powder,אבקת תערובת לחמנייה של אוסם
1481594,1481594,Osem Gluten-Free Pancake Mix,תערובת פנקייק ללא גלוטן של אוסם
1481595,1481595,Osem Gluten-Free Cake Mix,תערובת עוגות ללא גלוטן של אוסם
1481596,CAKE01,Cocoa Powder 150g,אבקת קקאו 150 גרם
1481597,PSOVR14,Osem Self-Rising Cake Flour,קמח עוגות עצמיות של אוסם
1481598,PSOVR42,Instant Chocolate Pudding Osem 80g 1 unit (12),פודינג שוקולד מיידי OSEM 80G יחידה 1 (12)
1481600,1481600,Osem Instant Vanilla Pudding,פודינג וניל מיידי של OSEM
1481618,1481618,The Magic Garden Forest Fruit Tea, 25 Units,תה פירות יער קסמים בגן הקסם, 25 יחידות
1481622,1481622,The Magic Garden Chamomile Herbal Infusion, 25 Units,עירוי צמחי מרפא קמומיל קמומיל, 25 יחידות
1481626,1481626,Osem Bazak Strawberry Wafers, Natural Color,אוסם בזאק פלים תותים, צבע טבעי
1481627,1481627,Osem Gluten-Free Noodles, KLP,אטריות ללא גלוטן של OSEM, KL P
1481628,1481628,Chocolate-Flavored Syrup Epichel, Squeeze Bottle 580g,סירופ בטעם שוקולד אפיקל, בקבוק סחיטה 580 גרם
1481629,1481629,Maple-Flavored Syrup Epichel, Squeeze Bottle 580g,סירופ בטעם מייפל אפיקל, בקבוק סחיטה 580 גרם
1481630,1481630,Krantz Rolls, KLF,קרנץ רולס, KL f
1481631,1481631,Charoset 250g,Charoset 250G
1481632,1481632,Dulce de Leche 340g Taaman,Dulce de Leche 340G Taaman
1481633,1481633,Panko Chips Crumbs for Frying and Baking, Natural Flavor, 200g,פירורי צ'יפס של פנקו לטיגון ואפייה, טעם טבעי, 200 גרם
1481634,1481634,Onion-Flavored Potato Crackers, 150g,קרקרים תפוחי אדמה בטעם בצל, 150 גרם
1481636,1481636,Yellow Label Tea, 100 Units,תה תווית צהוב, 100 יחידות
1481638,1481638,Powdered Sugar 100g Maya,אבקת סוכר 100 גרם מאיה
1481639,1481639,Pure Gelatin 22g Maya,ג'לטין טהור 22G מאיה
1481640,1481640,Baking Soda 50g Maya,סודה לשתייה 50 גרם מאיה
1481641,1481641,Walnuts 400g Maya,אגוזי מלך 400 גרם מאיה
1481642,1481642,Ground Nuts 250g Maya,אגוזים קרקעיים 250 גרם מאיה
1481643,1481643,Desiccate Coconut  400g,קוקוס יבוא 400 גרם
1481645,1481645,Natural Almonds 100g Maya,שקדים טבעיים 100 גרם מאיה
1481646,1481646,Fine Salt, 1kg,מלח עדין, 1 קג
1481647,1481647,Coarse Salt, 1kg,מלח גס, 1 קג
1481648,1481648,Fine Himalayan Salt, 1kg,מלח הימלאיה עדין, 1 קג
1481668,PSOVR21,Golden Crumbs from Matzah Flour KFP 350g (Osem) (12),פירורי זהב מקמח מצח KFP 350G (OSEM) (12)
1481669,1481669,Matza Shemura – Beit Yosef, 1kg,Matza Shemura - Beit Yosef, 1kg
1481670,100000010938,Kosher for Passover Matza, 1kg,כשר לפסח מצה, 1 קג
1481682,CLDCTS01,Oven Roasted Turkey Breast,חזה הודו קלוי לתנור
1481683,100000003701,Beef Knockwurst,נוקוורסט בקר
1481684,CLDCTS03,Smoked Turkey Pastrami,פסטרמה מעושנת טורקיה
1481685,SAUS01,Beef Polish Sausage,נקניק פולני בקר
1481686,SUSG_PSTRM09,Classic Franks,פרנקים קלאסיים
1481687,1481687,Beef Franks,פרנקים בקר
1481688,SUSG_PSTRM552,BEEF DINNER FRANKS,פרנקים לארוחת בקר
1481691,Delikfp9,Smoked Turkey Breast,חזה טורקיה מעושן
1481742,1481742,Potato Starch,עמילן תפוחי אדמה
1481744,1481744,vanilla extract,תמצית וניל
1481745,100000011126,Taaman Horseradish,,חזרת טאמן,
1481751,,Panko (Coarse Breadcrumbs),פנקו (פירורי לחם גסים)
1481772,,Crushed Garlic 250g,שום כתוש 250 גרם
1481830,,Bladi Lemon,לימון בלדי
1481832,,Sun-Dried Tomatoes in Olive Oil,עגבניות מיובשות בשמן זית
1481834,,Filfel Chuma (Spicy Pepper Paste),פילפל צ'ומה (משחת פלפל חריף)
1482177,KFPMEATPK8,Flanken Boneless Pack,חבילה נטולת עצמות
1482181,KFPMEATPK1,Beef For Stew Pack,בקר לחבילת תבשיל
1482182,KFPMEATPK2,Brisket 1St Cut - S.Am Pack,Brisket 1st Cut - S.Am Pack
1482183,KFPMEATPK3,Brisket 2Nd Cut - S.Am Pack,Brisket 2nd Cut - S.AM Pack
1482184,KFPMEATPK4,Chuck Eye Roast - S.Am Pack,Chuck Eye Croby - S.Am Pack
1482185,KFPMEATPK5,Chuck Kolichel Roast - S.Am Pack,Chuck Kolichel Croby - S.Am Pack
1482187,KFPMEATPK7,Fillet Mignon (Roast) Pack,חבילת מיניון (צלייה) של פילה
1482188,KFPMEATPK9,Flanken Breast Pack,חבילת חזה משולבת
1482189,KFPMEATPK10,Flat Iron Roast Solomon Pack,חבילת שלמה צלויה ברזל שטוחה
1482190,KFPMEATPK11,French Roast - S.Am Pack,צלייה צרפתית - חבילת S.AM
1482193,KFPMEATPK14,Lamb Roast Boneless Pack,חבילה נטולת כבש צלייה
1482194,KFPMEATPK15,Lamb Spare Rib Pack,חבילת צלעות חילופית כבש
1482195,KFPMEATPK16,London Broil Beef - S.Am Pack,בשר בשר בלונדון - S.AM Pack
1482200,KFPMEATPK21,Rib Back Of Beef Pack,צלע גב של חבילת בקר
1482202,KFPMEATPK23,Ribs Short Beef - Pack,צלעות קצרות בקר - חבילה
1482203,KFPMEATPK24,Ribs Spare Beef - Pack,צלעות חילוף בקר - חבילה
1482205,KFPMEATPK26,Skirt Steak Beef - S.Am Pack,סטייק סטייק בקר - S.AM Pack
1482206,KFPMEATPK27,Tomahawk Rib Steak Pack,חבילת סטייק צלעות טומאהוק
1482207,KFPMEATPK28,Tongue Fresh Beef Pack,אריזת בקר טרי של לשון
1482211,KFPMEATPK32,Chicken, Ground Breast Pack,עוף, חבילת חזה טחונה
1482212,KFPMEATPK33,Chicken, Necks Pack,עוף, חבילת צוואר
1482213,KFPMEATPK36,Chicken, Whole Cut In 1/8Ths Pack,עוף, חתוך שלם בחפיסה של 1/8
1482216,KFPMEATPK44,Chicken Cutlets - Chimichurri Pack,קציצות עוף - חבילת צ'ימיצ'ורי
1482218,KFPMEATPK46,Chicken Cutlets - Shish Kabab Chimichurri Pack,קציצות עוף - חבילת שיש קבאב צ'ימיצ'ורי
1482219,KFPMEATPK48,Beef Lyula Kabab - Mini - Weiss Pack,Beef Lula Kebab - Mini - Weiss Pack
1482220,KFPMEATPK42,Beef Burgers 6 Oz. Spicy - Weiss Pack,המבורגרים בקר 6 גרם.חריף - חבילת וייס
1482223,KFPMEATPK49,Cheek Meat Beef - Solomon Pack,בשר בשר לחי - חבילת שלמה
1482229,SUSG_PSTRM566,Sliced Smoked Turkey Breast,חזה הודו מעושן חתוך
1482230,SUSG_PSTRM567,Chicken Bologna Sliced,עוף בולוניה פרוס
1482236,,Malawach,מלאוואך
1482242,,Bonjour Burekas,בונז'ור בורקס
1482243,,Bonjour Cheese Burkits,בורקיטים של גבינה בונז'ור
1482244,,Bonjour Mushroom Burkits,בורקיט פטריות בונז'ור
1482245,,Potato Burkits,בורקיטים של תפוחי אדמה
1482246,,Bonjour Cheese Buns,לחמניות גבינה של בונז'ור
1482247,,Bonjour Apple Cake,עוגת תפוחים בונז'ור
1482248,,Bonjour Croissant Bites,עקיצות קרואסון של בונז'ור
1482249,,Bonjour Butter Croissant Bites,עקיצות קרואסון חמאת בונז'ור
1482250,,Bonjour Chocolate Rugelach,רוגלאך שוקולד בונז'ור
1482251,,Bonjour Spinach Filo Snail,חילזון פילו תרד בונז'ור
1482252,,Bonjour Pizza Shank,פיצה פיצה של בונז'ור
1482259,CRK,FLKS02,Osem Gold Cracker 150G,Cracker זהב של OSEM 150 גרם
1482267,100000012574,Osem Tostaim Whole Grain, 100G,OSEM TOSTAIM תבואה מלאה, 100 גרם
1482272,,Toasteim Toasted Crackers with Sesame,טוסטים פיצוחים קלויים עם שומשום
1482273,,Whole Grain Rice Crackers,קרקרים אורז מלא
1482274,FRZNMEAT02,Ground Beef Pack,חבילת בקר טחון
1482275,COOK05,Osem Baked Ptitim Rice 500G,אורז Ptitim אפוי אוסם 500 גרם
1482280,COOK111,Walnut Oil 1 liter,שמן אגוז 1 ליטר
1482298,COOK21,Matzo Flour 500g (Rishon Matzot) (30),קמח מצו 500 גרם (Rishon Matzot) (30)
1482300,PSOVR02,Onion Soup 400g,מרק בצל 400 גרם
1482301,COOK10,Mushroom Soup KFP 400g (Osem),מרק פטריות KFP 400G (OSEM)
1482302,COOK75,Persian Rice 1 Kg,אורז פרס 1 קג
1482324,COOK67,Hot Meal Spaghetti Bolognese,ארוחה חמה ספגטי בולונז
1482332,COOK51,Brm Chia Seeds 12Oz,זרעי Chia BRM 12oz
1482333,COOK89,Barn Curled Pasta,פסטה מפותלת של אסם
1482357,COOK109,AG Popcorn Butter,AG חמאת פופקורן
1482358,COOK116,Cup-A-Soup Tomato Flavor with Croutons, Pack of 2 * 28g,טעם עגבנייה של כוס-א-סופ עם קרוטונים, חבילה של 2 * 28 גרם
1482364,,Egg Noodles,אטריות ביצה
1482367,,Osem Hot Meals,ארוחות חמות של אוסם
1482372,FRZNCHK88,Chicken Breast Pack - UK,חבילת חזה עוף - בריטניה
1482373,100000011201,Mia Almond Flour, 250G,קמח שקדים מיה, 250 גרם
1482374,,Charcuterie Platter,פלטה של ​​charcuterie
1482375,,Beef Salami,סלמי בקר
1482377,,Date Spread, 450g,ממרח תאריך, 450 גרם
1482378,,Natural Peanut Butter, 350g,חמאת בוטנים טבעית, 350 גרם
1482380,,Maya Dulce de Leche, 400g,מאיה דולצ'ה דה לק, 400 גרם
1482381,,Rum Baking Extract,תמצית אפיית רום
1482382,,Taaman Baking Powder, 100g,אבקת אפייה של טאמן, 100 גרם
1479023,COOK72,Nori Seaweed for Sushi,אצות נורי לסושי
1479024,CNNFDS49,Jg Lemon Juice,JG מיץ לימון
1479025,1479025,Mast Sugar-Free Cappuccino-Flavored Candies,סוכריות בטעם קפוצ'ינו ללא סוכר
1479026,1479026,Black & White Crunch, Milk Chocolate Biscuit,קראנץ 'שחור לבן, ביסקוויט שוקולד חלב
1479035,1479035,Schneider's White Chocolate,השוקולד הלבן של שניידר
1479036,1479036,Schneider's Milk Chocolate,שוקולד חלב שניידר
1479037,CHOC_CND01,Cocoman Chocolate Grain Puffs Snack,חטיף פחזניות גרגרי שוקולד קוקומן
1479041,100000002926,Betty Crocker Fruit Rollups Jolly Rancher 5 Oz,בטי קרוקר פירות גלגלות ג'ולי ראנץ '5 עוז
1479042,CHOC_CND03,Shogi Chocolate Corn Snack,חטיף תירס שוקולד שוגי
1479043,SWEET04,Betty Crocker Fruit Rollups Blastin Berry Hot Colors 5 Oz,בטי קרוקר פירות מגלגלות מפוצצות ברית צבעים חמים 5 גרם
1479049,100000000922,Paskesz Sour Sticks Strawberry Flavored 100G,מקלות חמוץ של פסקסז תות בטעם 100 גרם
1479050,CHOC_CND04,Must Milk Jam Flavored Candies 80G,סוכריות בטעם חלב חלב 80 גרם
1479062,SWEET44,Elite Dark Chocolate Bar,חטיף שוקולד מריר מובחר
1479063,SWEET30,Mini Mix Chocolate Bar 390G,מיני מערבב שוק שוקולד 390 גרם
1479064,SWEET31,Must Lemon Hard Candy 80G,חייבים לימון סוכריות קשה 80 גרם
1479069,SWEET36,Milk Chocolate Bar With Crispy Rice,חטיבת שוקולד חלב עם אורז פריך
1479071,SWEET07,Klik Chocolate Cushions With Nougat 65G(Blue),כריות שוקולד קליק עם נוגט 65 גרם (כחול)
1479072,SWEET08,Corn Flakes Coated With Milk Chocolate(Green),פתיתי תירס מצופים שוקולד חלב (ירוק)
1479075,SWEET38,Meringue Tray Vanilla and Strawberry 180g (12),מגש מרנג וניל ותות 180 גרם (12)
1479078,SWEET05,Chocolate Cow Fill Milk,חלב פרה שוקולד מילוי חלב
1479082,SWEET06,Klik Brown & White Balls 65G(Brown),כדורי קליק חום ולבן 65 גרם (חום)
1479083,CAK_CK11,Oreo Chocolate Cookies With Vanilla Filling 176G,עוגיות שוקולד אוראו עם מילוי וניל 176 גרם
1479096,CHOC_CND05,Mentos Fruit Flavour,טעם פירות מנטוס
1479097,SWEET11,Klik Chocolate Balls 65G(Yellow),כדורי שוקולד קליק 65 גרם (צהוב)
1479099,SWEET45,Mentos Mint Flavour,טעם מנטוס מנטה
1479100,SWEET12,Chocolate Covered Biscuits(Red),ביסקוויטים מכוסים שוקולד (אדום)
1479105,SWEET61,Betty Crocker Fruit Rollups Strawberry Sensation Large 5 Oz,BETTY CROCKER FRIOR ROLL UPS Sensation Sensation גדול 5 גרם
1479126,SWEET68,Elite Milk Chocolate Bar,חטיף שוקולד חלב מובחר
1479146,CHOC_CND10,Raspberry-Flavored Candies 100 Grams,סוכריות בטעם פטל 100 גרם
1479152,1479152,Must Chewing Gum (Grape),חייב ללעוס מסטיק (ענבים)
1479154,SWEET99,Betty Crocker Fruit Rollups Tropical Tie Dye 5 Oz,בטי קרוקר פירות גלגלות עניבה טרופית צבע 5 גרם
1479156,SNCKS_SWT01,Rosemarie Harmony Chocolate,שוקולד הרמוניה של רוזמרי
1479157,SNCKS_SWT02,Rosemary Milk Chocolate,שוקולד חלב רוזמרין
1479163,SWEET92,Twist Snack, 28 Grams,חטיף טוויסט, 28 גרם
1479165,SWEET93,Timeout Classic Snack C. Magdim,פסק זמן חטיף קלאסי C. Magdim
1479167,CHOC_CND14,Mentus Galilee Strawberry,תות גליל מנטוס
1479173,SWEET103,Toffee Subsided,טופי שכך
1479215,1479215,Tortit milk chocolate filled with almond-flavored cream, 100 grams,שוקולד חלב טוגטיט מלא בשמנת בטעם שקדים, 100 גרם
1479218,1479218,Rosemary Milk Chocolate,שוקולד חלב רוזמרין
1479219,1479219,Chocolate bar Quarter to Seven, 100 grams,שוקולד בר רבע עד שבע, 100 גרם
1479220,1479220,Bazooka cubes 58,Bazooka Cubes 58
1479225,1479225,Schneider's Yo Crackers Trio,שלישיית קרקרים של שניידר של שניידר
1479230,SNCKS06,Snacks with Za'atar Flavor 260g 1 unit (Telma) (12),חטיפים עם טעם Za'atar 260G 1 יחידה (Telma) (12)
1479231,SNCKS07,Onion And Cream Flavored Snack,חטיף בטעם בצל ושמנת
1479232,1479232,Pretzel Rings with Salt, 400g,טבעות בייגלה עם מלח, 400 גרם
1479233,SNCKS99,Doritos Grill Flavor, 55g,טעם של דוריטוס גריל, 55 גרם
1479241,CRK,FLKS07,Fitness Cracker Thin Village 140g (12),Crackers Fracker כפר דק 140 גרם (12)
1479242,SNCKS26,Doritos Black Hot Fire 55g (Elite)(48),Doritos Black Hot Fire 55G (Elite) (48)
1479256,SNCKS10,Natural Flavor Crunch Potato Chips - Potato Chips,צ'יפס תפוחי אדמה של טעם טבעי - צ'יפס תפוח אדמה
1479274,SNCKS20,Doritos Natural Flavor,דוריטוס טעם טבעי
1479289,SNCKS62,Pringles Classic Red,פרינגלס אדום קלאסי
1479292,SNCKS65,Pretzel Eighths Of Salt,שמיניות בייגלה של מלח
1479294,SNCKS29,Onion Chips 70g 1 unit (Telma) (30),שבבי בצל 70 גרם 1 יחידה (Telma) (30)
1479295,SNCKS30,Grill Chips 70g 1 unit (Telma) (30),צ'יפס גריל 70 גרם 1 יחידה (Telma) (30)
1479299,SNCKS69,Oblates,מחייבים
1479303,CRK,FLKS16,Gluten-Free Lachmit Crackers,קרקרים של Lachmit ללא גלוטן
1479339,1479339,Whole Grain Rice and Honey Snack Crackers.,אורז דגנים מלא ופיצוחים חטיפים דבש.
1481599,PSOVR39,Elite Puff Pastry 200g,מאפה עלית עילית 200 גרם
1481601,1481601,Milk Chocolate Filled with Strawberry,שוקולד חלב מלא בתות
1481602,SNCKS01,Apropo Corn Snack,חטיף תירס אפרופו
1481604,1481604,Klik Cornflakes Clusters 65g,אשכולות קליק קורנפלקס 65 גרם
1481606,SNCKS04,Osem Corn Tortilla Snack Bars,חטיפי חטיף טורטיה של אוסם תירס
1481607,SNCKS05,Popco Butter & Honey Popcorn,פופקורן חמאת פופקו ודבש
1481610,PSOVR25,Osem Flat Pretzels with Salt,באוסם בייגלה שטוח עם מלח
1481611,100000009437,Klik Chocolate Cereal Pillows 65g,כריות דגני בוקר של קליק 65 גרם
1481615,1481615,Long Wafers with Hazelnut Cream, 200g,פלים ארוכים עם קרם אגוזי לוז, 200 גרם
1481625,1481625,Osem Corn Prikonim Snacks, KLF,חטיפים של אוסם תירס פריקונים, kl f
1481650,SNCKS09,Tapuchips Sour Cream & Onion 50g,שמנת חמוצה של Tapuchips ובצל 50 גרם
1481657,SNCKS19,Sweet Bamba,במבה מתוקה
1481663,SNCKS104,Osem Flat Pretzels with Sesame,בייגלה שטוח של OSEM עם שומשום
1481665,SNCKS100,Bissli Onion Flavor,טעם בצל ביסלי
1481666,SNCKS101,Bissli BBQ Flavor,טעם מנגל ביסלי
1481667,1481667,Mini Cranberries Dolce,מיני חמוציות דולצ'ה
1481746,COOK60,Rice Sheets,גיליונות אורז
1481748,,Baladi Za'atar (Herb Mix),Baladi Za'atar (תערובת עשבים)
1481749,,Popcorn Salt POP-UP,קופץ מלח פופקורן
1481750,,Pizza-Yolo Pizza Seasoning,תיבול פיצה פיצה-יולו
1481754,,Potato Seasoning,תיבול תפוח אדמה
1481756,,Meatball & Mafrum Seasoning,תיבול בשר ומאפרום
1481758,,Ground Turmeric,כורכום קרקע
1481759,,Ground Caraway,קרקע קרקעית
1481760,,Ground Ginger,ג'ינג'ר קרקע
1481761,,Parsley,פטרוזיליה
1481764,SPICES36,Sweet Paprika in Oil,פפריקה מתוקה בשמן
1481765,PEREG07,Hot Paprika in Oil,פפריקה חמה בשמן
1481767,PEREG09,Sweet Paprika,פפריקה מתוקה
1481768,PEREG10,Cracked Black Pepper,פלפל שחור סדוק
1481769,PEREG11,Ground Cumin,כמון קרקע
1481771,PEREG13,Citric Salt,מלח לימון
1481775,SPICES03,Bitton Curry Seasoning,ביטון קארי תיבול
1481777,SPICES05,Bitton Ground Ginger,ביטון קרקע ג'ינג'ר
1481781,SPICES09,Bitton Nutmug,ביטון אגוז מוסקט
1481783,SPICES11,Bitton Ground White Pepper,פלפל לבן טחון ביטון
1481785,SPICES13,Bitton Oregano,ביטון אורגנו
1481786,SPICES14,Bitton Ground Cinnamon,ביטון קינמון קרקע
1481787,SPICES15,Bitton Hawiijj For Soup,Bitton Hawiijj למרק
1481788,SPICES16,Bitton Zaatar,ביטון זאתאר
1481789,SPICES17,Bitton Rosemary,ביטון רוזמרין
1481795,SPICES23,Lemon Salt,מלח לימון
1481796,SPICES29,Badia Gluten Free Cajun Louisiana 77.96Gm,BADIA ללא גלוטן CAJUN LOUISIANA 77.96GM
1481804,SPICES28,Badia Gluten Free Ever Mushroom,פטריות ללא גלוטן של Badia
1481806,SPCLDIET10,Saffron,זְעַפרָן
1481808,SPICES35,Badia Smoked Paprika,באדיה עישנה פפריקה
1481809,PEREG15,Mixed Spice for Barbecue,תבלין מעורב לברביקיו
1481810,PEREG16,Pereg Tuscan Spice,תבלין טוסקני פרג
1481811,PEREG17,Mexican Chili,צ'ילי מקסיקני
1481812,PEREG18,Yemenite Hawaij Soup Spice,תבלי תבליני מרק הוואי
1481814,PEREG20,Ground Coriander,כוסברה קרקעית
1481815,PEREG21,Hawaj for Coffee,הוואג 'לקפה
1481816,PEREG22,Bay Leaves & Allspice Mix,עלי דפנה ומערבבים תערובת
1481817,PEREG23,Dried Basil,בזיליקום מיובש
1481818,PEREG24,Oregano,אוֹרֶגָנוֹ
1481820,PEREG01,Indian Curry,קארי הודי
1481821,PEREG02,Ground Cinnamon,קינמון קרקע
1481822,PEREG03,Philadelphia Spice Mix,תערובת תבלינים של פילדלפיה
1481824,PEREG05,Rosemary,רוֹזמָרִין
1481826,,Sweet Peppers (Bagged),פלפלים מתוקים (תיק)
1481828,,Grilled Chicken Seasoning,תיבול עוף בגריל
1481829,,Fish Masala Seasoning,תיבול מסאלה דגים
1481833,,Authentic Amba,אמבה אותנטית
1481836,ELECAPL01,Hot Plate For Rent,צלחת חמה להשכרה
1481837,,Hot Plate,צלחת חמה
1481873,SHBTMNU15,Treat Kosher Challah Pair,התייחס זוג חלה כשר
1481893,SHBT11,Tk Schnitzel Sandwich (Medium),כריך TK Schnitzel (בינוני)
1481894,,Bonjour Challah,חלה בונז'ור
1481915,DESRT18,Treat Kosher Mini Eclairs,התייחסו מיני אקלרים כשר
1481921,,Brownies Cookies,עוגיות בראוניז
1481922,,Chocolate Rugelach,רוגלאך שוקולד
1481928,,Cheesecake & Strawberry Flavored Cake (Parve),עוגת גבינה ועוגה בטעם תות (פרווה)
1481929,,Caramel Nut Pie Cake (Dairy),עוגת עוגת אגוז קרמל (חלב)
1481931,,Belgian Chocolate Pie Cake (Dairy),עוגת פאי שוקולד בלגית (חלב)
1481941,MAIN14,Treat Kosher Couscous Vegetables 500g,לטפל בירקות קוסקוס כשר 500 גרם
1481966,SIDES29,Treat Kosher White Rice 500g,לטפל באורז לבן כשר 500 גרם
1481980,,Treat Koasher Potato Wedges 500g,לטפל טריזי תפוחי אדמה Koasher 500 גרם
1482079,,Treat Kosher Chicken Legs 2 pieces,התייחסו לרגלי עוף כשרות 2 חתיכות
1482088,SHBTMNU22,Treat Kosher Aubergine Cream,התייחס לקרם חציל כשר
1482156,,Treat Kosher Fried Green Chilli,לטפל בצ'ילי ירוק כשר
1482161,,Treat Kosher S'chug,התייחס כשר S'Chug
1482253,,Green Coriander,כוסברה ירוקה
1482254,,Halva Crunch (Dairy),קראנץ 'הלווה (חלב)
1482255,,Lemon Pistachio Flavored Cake (Parve),עוגה בטעם פיסטוק לימון (פרווה)
1482276,100000009772,Must Spermint Gum 58G,חייבים לחניכי זרע 58 גרם
1482383,,Bonjour Challah - 3 pieces (small),חלה בונז'ור - 3 חלקים (קטנים)
1482386,NP14,Strawberry Licorice,ליקריץ תות
1482394,NP17,Strawberry Block Licorice,ליקריץ בלוק תות
1482398,NP12,Thin Watermelon Licorice,ליקריץ מים דק
1482399,NP13,Watermelon Slices Licorice,פרוסות אבטיח ליקוריץ
1480424,4202533,Plant-Based Lightly Sweetened Cream 21%, 250 ml,שמנת ממותקת קלות על בסיס צמח 21%, 250 מל
1482368,FRZNCHK25,Chicken Schnitzel Pack -UK,חבילת שניצל עוף -וק
1482416,4202535,Bottarga Vacuum Packed,בוואקום בוטרגה ארוז
1482417,4202534,Bottarga in Box,Bottarga בתיבה
1480221,1480221,Chocolate,שׁוֹקוֹלַד
1480265,4202539,Cheese Ravioli 400g,גבינה רביולי 400 גרם
1480429,YOGEC27,Milky Whipped Chocolate,שוקולד מקצף חלבי
1480436,4202551,Yoplait Yogurt Drink Strawberry and Melon Flavor,יוגורט יוגורט לשתות תות וטעם מלון
1480437,4202552,Yogurt Drink with Peach and Banana 1.5%,שתיית יוגורט עם אפרסק ובננה 1.5%
1480442,4202564,Fromage Goat Cheese 23% Fat,מגבינת עיזים ממוצא 23% שומן
1480443,4202558,Emek Classic Sliced Cheese 28%,Emek Classic Prsed Cheees 28%
1480445,4202562,Parmesan Wedge Geva 23%,Parmesan Wedge Geva 23%
1480448,4202565,Collection Kasskaval Wedge Gilad 28%,אוסף Kasskaval Wedge Gilad 28%
1480450,4202560,Bulgarian Cheese 24%, 250g,גבינה בולגרית 24%, 250 גרם
1480457,4202557,Emek Yellow Cheese Fingers,אצבעות גבינה צהובות
1480458,4202555,Napoleon Natural Cream Cheese 25%, 225g,גבינת שמנת טבעית של נפוליאון 25%, 225 גרם
1480481,4202561,Scandinavian Sliced Cheese 31%, 170g,גבינה חתוכה סקנדינבית 31%, 170 גרם
1480493,1480493,Dani Choco,דני צ'וקו
1480494,1480494,Dani Vanilla,דני וניל
1480496,4202530,Chocolate Milk Drink,משקה חלב שוקולד
1480497,4202527,Iced Coffee,קפה קר
1480508,4202540,Hummus, 400g,חומוס, 400 גרם
1480510,4202541,Spicy Hummus Salad, 400g,סלט חומוס חריף, 400 גרם
1480512,4202542,Eggplant Liver-Style Salad, 400g,סלט בסגנון כבד חציל, 400 גרם
1480514,4202543,Eggplant Salad with Mayonnaise, 400g,סלט חצילים עם מיונז, 400 גרם
1480518,4202545,Matbucha Salad, 400g,סלט מטבוצ'ה, 400 גרם
1480519,4202546,Roasted Pepper Salad, 400g,סלט פלפל קלוי, 400 גרם
1480520,4202547,Diced Beetroot Salad, 400g,סלט סלק קוביות, 400 גרם
1480521,4202544,Red Cabbage Salad with Mayonnaise, 400g,סלט כרוב אדום עם מיונז, 400 גרם
1480523,4202548,Coleslaw Salad, 500g,סלט קולסלו, 500 גרם
1480553,FRZNCHK11,Premium Chicken Drumstick Pack,חבילת תוף עוף פרימיום
1480574,FRZNCHK91,Boneless Chicken Legs Pack- UK,חבילת רגלי עוף ללא עצמות- בריטניה
1480580,1480580,Premium Whole Turkey - Pack,פרמיום טורקיה שלמה - חבילה
1480637,1480637,Lamb Shoulder Pack - UK,חבילת כתף כבש - בריטניה
1481153,COOK03,Soup Almonds,שקדי מרק
1481179,COOK69,Mini Croutons Osem 250g (12),
1481259,BAKI010,Instant Vanilla Pudding Osem 80g,פודינג וניל מיידי OSEM 80G
1481420,BRED04,Jerusalem Mini Pita,ירושלים מיני פיתה
1481423,BRED05,Jerusalem W.W Pita Bread,ירושלים W.W לחם פיתה
1481427,BRED12,Jerusalem W.W Mini Pita,ירושלים W.W מיני פיתה
1481428,1481428,Jerusalem Bakery Kids Mini Pitta Bread,מאפייה ירושלים ילדים מיני פיטטה לחם
1481533,PSOVR07,Vinegar Essence 1 liter (5%) (Osem) (12),תמצית חומץ 1 ליטר (5%) (OSEM) (12)
1481623,4202549,UHT Milk 3%,חלב UHT 3%
1481681,4202559,Mild Safed Cheese 5%, 200g,גבינה משופעת עדינה 5%, 200 גרם
1481689,Delikfp3,Chicken Franks,פרנקים עוף
1482178,KFPMEATPK34,Chicken, Thighs Pack,עוף, ירכיים חבילה
1482186,KFPMEATPK6,Cowboy Steak Beef Pack,חבילת בקר סטייק קאובוי
1482191,KFPMEATPK12,Ground Beef Lean 2 Lb. Packs,בקר טחון רזה 2 קילוגרם.חבילות
1482196,KFPMEATPK17,Meatballs Pack,חבילת קציצות
1482197,KFPMEATPK18,Middle Chuck Steak - S.Am Pack,סטייק צ'אק אמצע - S.AM Pack
1482198,KFPMEATPK19,Minute Roast Beef - S.Am Pack,דקה צלי בקר - S.AM Pack
1482199,KFPMEATPK20,Minute Steak Beef - S.Am Pack,בקר סטייק דקה - S.AM Pack
1482204,KFPMEATPK25,Shank Kolichel - S.Am Pack,Shank Kolichel - S.Am Pack
1482222,KFPMEATPK47,Asian Strip Steak Beef Skewers - Weiss Pack,שיפודי בקר סטייק סטייק אסייתי - חבילת וייס
1482225,SUSG_PSTRM07,Sliced Smoked Beef Pastrami,פסטרמה של בקר מעושן חתוך
1482226,SUSG_PSTRM557,Sliced Corned Beef,קורנביף חתוך
1482227,SUSG_PSTRM561,Sliced Turkey Variety Pack,חבילת מגוון טורקיה חתוכה
1482391,4202563,Roquefort Wedge Galil 26%,גליל טריז 'רוקפור 26%
1482406,4202532,Sweet Whipping Cream 38%, 250 ml,קרם מקצף מתוק 38%, 250 מל
1482407,4202553,Sour Cream 9%,שמנת חמוצה 9%
1482408,,Gamadim Dairy Snack Strawberry Banana 5%, Pack of 8,חטיבת חלב גמרים בננה תות של 5%, חבילה של 8
1479061,cak_ck22,homemade cake chocolate chocochips 400g (osem) (8),שוקולד שוקולד עוגה תוצרת בית 400 גרם (osem) (8)
1479166,sweet94,"elite until midnight milk chocolate coated biscuit, 200 grams","עלית עד חצות חלב ביסקוויט מצופה שוקולד, 200 גרם"
1479265,"crk,flks05",fitness cracker thin kalamata olive 140g,קרקר כושר קלמטה דק זית 140 גרם
1480299,preckdfd23,cooked chickpeas,חומוס מבושל
1480430,100000014226,"ski yogurt 5%, 250g","יוגורט סקי 5%, 250 גרם"
1480729,cldct69,la del surimi,לה דל סורימי
1480749,1480749,schneider's parve chocolate hazelnut spread,ממרח אגוזי לוז של שניידר של שניידר
1480750,1480750,schneider's milk chocolate hazelnut spread,ממרח אגוזי לוז של שוקולד חלב שניידר
1480760,1480760,"lotus cookie spread, crunchy caramel","ממרח עוגיות לוטוס, קרמל פריך"
1480853,cnnfds06,sweet chili sauce,רוטב צ'ילי מתוק
1480854,cnnfds07,osem teriyaki sauce 290g,רוטב אוסם טריאקי 290 גרם
1480920,cnnfds51,"biscoff creamy spread, 400g","ממרח שמנת של ביסקוף, 400 גרם"
1481008,cnnfds132,sun-dried tomato spread,ממרח עגבניות מיובש
1481023,cnnfds148,thelma mustard 250 grams,חרדל תלמה 250 גרם
1481120,1481120,thousand island dressing,רוֹטֶב אֶלֶף הָאִיִים
1481175,100000008812,couscos fine osem,קוסקוס משובח
1481355,1481355,schneider's chocolate chip cookies,עוגיות השוקולד צ'יפס של שניידר
1481366,cak_ck07,chocolate cookies,עוגיות שוקולד
1481371,cak_ck21,home cake brownie fudge,עוגת בית בראוני פאדג '
1481384,cak_ck50,nature valley honey,דבש בעמק הטבע
1481386,cak_ck13,homemade cake chocolate 400g (osem) (8),שוקולד עוגה תוצרת בית 400 גרם (osem) (8)
1481393,cak_ck19,pinukiot filled with paskez time cream (14),פינוקוט מלא בקרם זמן פסקז (14)
1481402,cak_ck48,smile cookies chocolate,חייך שוקולד עוגיות
1481411,cak_ck58,nature valley crunchy,פריך עמק הטבע
1481415,cak_ck66,nature valley honey *5,דבש עמק הטבע *5
1481417,bred03,jerusalem bakery pita bread,לחם פיתות מאפייה בירושלים
1481429,1481429,jerusalem bakery fit mini pitta bread,מאפייה בירושלים בכושר מיני פיטטה לחם
1481433,100000000229,materna probiotic vanilla porridge 200g,דייסת וניל פרוביוטיקה של מטרנה 200 גרם
1482260,100000009390,patit swedish crackers 300g,קרקרים שוודים של פטיט 300 גרם
1482266,"crk,flks06",fitness cracker thin rosemary 140g,קרקר כושר רוזמרין דק 140 גרם
1482271,"crk,flks10",whole wheat bread,לֶחֶם מָלֵא
1482342,cook06,osem golden breadcrumbs 350g,אוסם פירורי לחם זהב 350 גרם
1482421,,uht milk 3%,חלב uht 3%
1482434,,classic soy sauce,רוטב סויה קלאסי
1482435,,schneiders mayonnaise sauce,שניידרס רוטב מיונז
1482436,,schneiders mashed potatoes,שניידרס מחית תפוחי אדמה
1482437,100000009239,"vinaigrette dressing, 295g","רוטב ויניגרט, 295 גרם"
1482438,,"finely chopped tomatoes, polpa","עגבניות קצוצות דק, פולפה"
1482439,,1kg sifted flour,"קמח מנופה 1 ק""ג"
1482440,,schneiders wholemeal round toast,שניידרס קמח עגול
1482441,,schneiders lady biscuits,שניידרס ליידי ביסקוויטים
1482442,,schneiders original round toast,שניידרס טוסט עגול מקורי
1482443,,schneiders mini tortilla,שניידרס מיני טורטיה
