english,hebrew
Asian,
Asian Products,
Baby Food,
Baby Products Beauty and Personal Care Products,
Bakery,
Baking Products,
Biscooti,
Bread and Pastries,
Breakfast Cereals,
Cakes and Cookies,
Candles,
Canned Foods,
Canned Goods,
Charcuterie,
Cheeses,
Chicken Meat Deli,
Cleaning Accessories,
Cooking,
Cooking &baking cream,
Cooking Products,
"Crackers, Crispbread, and Flakes",
Dairy Products,
Disposable Items,
Dried Fruits,
"Drinks Coffee, Tea",
"Drinks,Coffee,Tea",
Electrical Appliances,
Fish,
Food and Grocery Items,
Frozen Chicken and Turkey,
Frozen Foods,
Frozen Fruits and Vegetables,
Frozen Meat,
Grains,
Grape Juice,
Home and Disposable Items,
Household & Cleaning Products,
Judaica,
Mezuzahs,
Nuts,
Nuts& Dried Fruits,
PRE-COOKED food,
Packaged Salads,
Sausages,
Shower and Bath Products,
Snacks,
Snacks and Sweets,
Soft Drinks,
Spices,
"Spreads, dips, sauces",
Sweets,
butter,
coffee,
ice Creams,
tea,
Pesach Snacks & Sweets,
